Enron, 
10 10, 0
10 15, 1
11 11, 1
11 16, 1
12 12, 1
12 18, 1
4 4, 0
4 6, 0
5 5, 1
5 7, 0
6 6, 1
6 9, 1
7 10, 1
7 7, 1
8 12, 1
8 8, 1
9 13, 2 
9 9, 3
FIRSTMM-DB,
10 10, 3
10 15, 2
11 11, 4
11 16, 4
12 12, 3
12 18, 1
4 4, 1
4 6, 0
5 5, 1
5 7, 0
6 6, 1
6 9, 2
7 10, 1
7 7, 2
8 12, 1
8 8, 3
9 13, 3 
9 9, 3
DD,
10 10, 3
10 15, 0
11 11, 2
11 16, 2
12 12, 0
12 18, 1
4 4, 0
4 6, 1
5 5, 0
5 7, 1
6 6, 0
6 9, 0
7 10, 1
7 7, 1
8 12, 2
8 8, 1
9 13, 0 
9 9, 2
Gowalla,
10 10, 2
10 15, 1
11 11, 3
11 16, 2
12 12, 1
12 18, 3
4 4, 1
4 6, 0
5 5, 0
5 7, 0
6 6, 0
6 9, 1
7 10, 1
7 7, 1
8 12, 2
8 8, 2
9 13, 1 
9 9, 2
Patents,
10 10, 2
10 15, 2
11 11, 3
11 16, 3
12 12, 0
12 18, 2
4 4, 0
4 6, 0
5 5, 1
5 7, 0
6 6, 0
6 9, 1
7 10, 0
7 7, 1
8 12, 1
8 8, 1
9 13, 1 
9 9, 2
REDDIT-MULTI-12K,
10 10, 0
10 15, 1
11 11, 2
11 16, 0
12 12, 4
12 18, 1
4 4, 0
4 6, 0
5 5, 0
5 7, 1
6 6, 1
6 9, 1
7 10, 2
7 7, 1
8 12, 0
8 8, 2
9 13, 1 
9 9, 1
Orkut,
10 10, 0
10 15, 1
11 11, 1
11 16, 1
12 12, 2
12 18, 1
4 4, 0
4 6, 0
5 5, 0
5 7, 0
6 6, 1
6 9, 0
7 10, 1
7 7, 1
8 12, 1
8 8, 0
9 13, 1 
9 9, 1
sinaweibo,
10 10, 2
10 15, 0
11 11, 3
11 16, 1
12 12, 1
12 18, 0
4 4, 0
4 6, 0
5 5, 0
5 7, 0
6 6, 0
6 9, 0
7 10, 1
7 7, 1
8 12, 1
8 8, 1
9 13, 2 
9 9, 1